<?xml version='1.0' encoding='UTF-8'?><wnio:Dokument xmlns:str="http://crd.gov.pl/xml/schematy/struktura/2009/11/16/" xmlns:meta="http://crd.gov.pl/xml/schematy/meta/2009/11/16/" xmlns:inst="http://crd.gov.pl/xml/schematy/instytucja/2009/11/16/" xmlns:oso="http://crd.gov.pl/xml/schematy/osoba/2009/11/16/" xmlns:wnio="http://crd.gov.pl/wzor/2011/06/08/599/" xmlns:adr="http://crd.gov.pl/xml/schematy/adres/2009/11/09/" xmlns:ds="http://www.w3.org/2000/09/xmldsig#"><wnio:OpisDokumentu/><wnio:DaneDokumentu><str:Adresaci><meta:Podmiot typPodmiotu="pue"><oso:Osoba><oso:IdOsoby><oso:PESEL>84080122508</oso:PESEL><oso:InnyIdentyfikator><oso:TypIdentyfikatora>idEmail</oso:TypIdentyfikatora><oso:WartoscIdentyfikatora>IGUMENCEVA@UKR.NET</oso:WartoscIdentyfikatora></oso:InnyIdentyfikator></oso:IdOsoby><oso:Imie>LUBOV</oso:Imie><oso:Nazwisko>IHUMENTSEVA</oso:Nazwisko><adr:Kontakt><adr:Telefon>787060753</adr:Telefon></adr:Kontakt></oso:Osoba></meta:Podmiot><meta:Podmiot typPodmiotu="dziecko"><oso:Osoba><oso:Imie>OLEKSANDRA</oso:Imie><oso:Nazwisko>IHUMENTSEVA</oso:Nazwisko></oso:Osoba></meta:Podmiot></str:Adresaci></wnio:DaneDokumentu><wnio:TrescDokumentu kodowanie="XML" format="text/xml"><wnio:Tytul>Pismo ZUS</wnio:Tytul><wnio:RodzajWnioskuRozszerzony/><wnio:InformacjeDodatkowe><wnio:Informacja>Właściwa treść pisma zawarta jest w załączniku do niniejszego dokumentu elektronicznego.</wnio:Informacja></wnio:InformacjeDodatkowe><str:Zalaczniki><str:Zalacznik format="application/pdf" kodowanie="URI" nazwaPliku="sw-ukr-inf-rod-a.pdf" rodzajZalacznika="DokGlowny"><str:DaneZalacznika>file:sw-ukr-inf-rod-a.pdf</str:DaneZalacznika></str:Zalacznik></str:Zalaczniki></wnio:TrescDokumentu></wnio:Dokument>